series_code,series_name,variant,windows,interpretable_share,mean_r2,mean_b_sum,mean_selected_count,dominant_mode,dominant_top_beta,dominant_top_b
13,Производство текстильных издели,adj_unsmoothed,363,0.8181818181818182,0.5991123650382639,0.0020016083716595996,0.9807162534435262,phase_caution,X_n,X_n
16,Обработка древесины и производс,adj_unsmoothed,363,0.8181818181818182,0.5215721739035378,0.003659673562489801,0.581267217630854,phase_caution,X_n,X_n
39,Предоставление услуг в области,adj_unsmoothed,363,0.8181818181818182,0.4181141530167176,-0.00012982357627152404,0.5151515151515151,phase_caution,X_n,X_n
30.2,Производство железнодорожных,adj_unsmoothed,363,0.8154269972451791,0.4541696206695663,0.0037727994367334557,0.5206611570247934,phase_caution,X_n,X_n
31,Производство мебели,adj_unsmoothed,363,0.8126721763085399,0.4284082387424598,0.003544432629402285,0.15977961432506887,phase_caution,X_n,X_n
21,Производство лекарственных сред,adj_unsmoothed,363,0.7988980716253443,0.434147709401349,0.0007578916860249099,0.4820936639118457,phase_caution,X_n,X_n
15,Производство кожи и изделий из,adj_unsmoothed,363,0.7933884297520661,0.5545532073111709,0.006985688124471582,0.7052341597796143,phase_caution,X_n,X_n
05,Добыча угля,adj_unsmoothed,363,0.7933884297520661,0.33100479875980354,-0.001898705281753864,0.2644628099173554,phase_caution,X_n,X_n
08.1,"Добыча камня, песка и глины",adj_unsmoothed,363,0.7878787878787878,0.5690939905088884,0.0023796451219187985,1.0606060606060606,phase_caution,X_n,X_n
18,Деятельность полиграфическая и,adj_unsmoothed,363,0.7851239669421488,0.4843436398677906,0.002311075030133755,0.5647382920110193,phase_caution,X_n,X_n
27,Производство электрического обо,adj_unsmoothed,363,0.7796143250688705,0.4800497742104918,-0.0008828341715848861,0.7134986225895317,phase_caution,X_n,X_n
33,Ремонт и монтаж машин и оборудо,adj_unsmoothed,363,0.7768595041322314,0.5531619213505011,0.000801269074423758,0.8870523415977961,phase_caution,X_n,X_n
26,"Производство компьютеров, элект",adj_unsmoothed,363,0.7741046831955923,0.49343622685858723,0.001572970202202422,0.6721763085399449,phase_caution,X_n,X_n
11,Производство напитков,adj_unsmoothed,363,0.7741046831955923,0.44192795320264966,0.0006430395321835092,0.5922865013774105,phase_caution,X_n,X_n
09,Предоставление услуг в области,adj_unsmoothed,363,0.7741046831955923,0.2993097064277319,0.0003525210920937464,0.21212121212121213,phase_caution,X_n,X_n
35.2,Производство и распределение,adj_unsmoothed,363,0.7713498622589532,0.40281561029878726,9.565821238620263e-05,0.44077134986225897,phase_caution,X_n,X_n
22.1,Производство резиновых издели,adj_unsmoothed,363,0.7658402203856749,0.5398832369901607,0.0022784157189597973,0.6418732782369146,phase_caution,X_n,X_n
08,Добыча прочих полезных ископаем,adj_unsmoothed,363,0.7658402203856749,0.5396298570205552,-0.0014366029253634655,0.8815426997245179,phase_caution,X_n,X_n
E,"Водоснабжение, водоотведение...",adj_unsmoothed,363,0.7658402203856749,0.35203343791333014,-3.5095654062517026e-05,0.15702479338842976,phase_caution,X_n,X_n
38,"Сбор, обработка и утилизация от",adj_unsmoothed,363,0.7658402203856749,0.3225914279127491,-0.00027032692350804785,0.11019283746556474,phase_caution,X_n,X_n
29,Производство автотранспортных с,adj_unsmoothed,363,0.7630853994490359,0.4568687816102397,0.003531912395610988,0.33608815426997246,phase_caution,X_n,X_n
06.2,Добыча природного газа и газо,adj_unsmoothed,363,0.7630853994490359,0.2923452390748037,-0.000907428069310791,0.09090909090909091,phase_caution,X_n,X_n
14,Производство одежды,adj_unsmoothed,363,0.7575757575757576,0.5256823432293901,0.003508125299272976,0.7520661157024794,phase_caution,X_n,X_n
24,Производство металлургическое,adj_unsmoothed,363,0.7575757575757576,0.45615788999297463,0.0006371954237518321,0.6776859504132231,phase_caution,X_n,X_n
28,Производство машин и оборудован,adj_unsmoothed,363,0.7548209366391184,0.5057607023594334,0.00208118931438005,0.5895316804407713,phase_caution,X_n,X_n
12,Производство табачных изделий,adj_unsmoothed,363,0.7520661157024794,0.5112032494563422,-0.002233639873520982,0.9008264462809917,phase_caution,X_n,X_n
32.1,Производство ювелирных издели,adj_unsmoothed,363,0.7327823691460055,0.4539818305970654,0.0007443421730400629,0.39669421487603307,phase_caution,X_n,X_n
07.2,Добыча руд цветных металлов,adj_unsmoothed,363,0.7272727272727273,0.46023466623516784,0.0023732592577357476,0.48760330578512395,phase_caution,X_n,X_n
22.2,Производство изделий из пласт,adj_unsmoothed,363,0.7245179063360881,0.3850146076350543,0.0025451338961046217,0.18732782369146006,phase_caution,X_n,X_n
23,Производство прочей неметалличе,adj_unsmoothed,363,0.721763085399449,0.3882793538785805,0.0009396307331272084,0.3085399449035813,phase_caution,X_n,X_n
08.9,"Добыча полезных ископаемых, н",adj_unsmoothed,363,0.7162534435261708,0.6233446578140858,-0.0032267429300004277,0.9256198347107438,phase_caution,X_n,X_n
20,Производство химических продукт,adj_unsmoothed,363,0.7162534435261708,0.3937650974934617,0.002639288159636944,0.15977961432506887,phase_caution,X_n,X_n
D,Обеспечение электрической энерги,adj_unsmoothed,363,0.7134986225895317,0.4458361442996269,-0.002675531948900187,0.6528925619834711,phase_caution,X_n,X_n
"35.1+35.3 Производство, передача и","35.1+35.3 Производство, передача и",adj_unsmoothed,363,0.7107438016528925,0.4429573244488385,-0.0029619798410866916,0.6666666666666666,phase_caution,X_n,X_n
10,Производство пищевых продуктов,adj_unsmoothed,363,0.7079889807162535,0.5803986223358689,0.00486056660255772,0.7933884297520661,phase_caution,X_n,X_n
25,Производство готовых металличес,adj_unsmoothed,363,0.7079889807162535,0.428295716721315,0.0002896766148536534,0.40771349862258954,phase_caution,X_n,X_n
37,Сбор и обработка сточных вод,adj_unsmoothed,363,0.6887052341597796,0.34481249438950246,0.000678242134603228,0.24242424242424243,phase_caution,X_n,X_n
19,Производство кокса и нефтепроду,adj_unsmoothed,363,0.6749311294765841,0.4389090496486556,-0.0001189038704120338,0.5206611570247934,phase_caution,X_n,X_n
17,Производство бумаги и бумажных,adj_unsmoothed,363,0.6749311294765841,0.3803574270423571,0.002771180889528475,0.06611570247933884,phase_caution,X_n,X_n
C,Обрабатывающие производства,adj_unsmoothed,363,0.559228650137741,0.4392417015622074,0.0029998226839001167,0.1487603305785124,phase_caution,X_n,X_n
06,Добыча сырой нефти и природного,adj_unsmoothed,363,0.36639118457300274,0.28397423682795836,0.00157334945445881,0.1349862258953168,do_not_read,X_n,X_n
06.1,Добыча сырой нефти и нефтяног,adj_unsmoothed,363,0.36639118457300274,0.28397423682795836,0.00157334945445881,0.1349862258953168,do_not_read,X_n,X_n
07,Добыча металлических руд,adj_unsmoothed,363,0.3581267217630854,0.45797242735713434,0.0035541045864742596,0.3581267217630854,do_not_read,X_n,X_n
B,Добыча полезных ископаемых,adj_unsmoothed,363,0.32231404958677684,0.3326372424614555,0.000598425503168476,0.2837465564738292,do_not_read,X_n,X_n
36,"Забор, очистка и распределдение",adj_unsmoothed,363,0.256198347107438,0.4004783015981328,0.002116850371761508,0.3305785123966942,do_not_read,X_n,X_n
07.1,Добыча и обогащение железных,adj_unsmoothed,363,0.24517906336088155,0.48460230469293636,0.002348092720758133,0.7933884297520661,do_not_read,X_n,X_n
ПРОМ,Промышленность - всего,adj_unsmoothed,363,0.05509641873278237,0.41527863714101354,0.0011374341256194574,0.18732782369146006,do_not_read,X_n,X_n
